CensusTract,State,County,TotalPop,Men,Women,Hispanic,White,Black,Native,Asian,Pacific,Citizen,Income,IncomeErr,IncomePerCap,IncomePerCapErr,Poverty,ChildPoverty,Professional,Service,Office,Construction,Production,Drive,Carpool,Transit,Walk,OtherTransp,WorkAtHome,MeanCommute,Employed,PrivateWork,PublicWork,SelfEmployed,FamilyWork,Unemployment
6075010100,California,San Francisco,3798,2056,1742,11.8,47.1,1.4,0.0,33.8,0.0,2572,61442.0,23965.0,52505.0,10569.0,15.6,4.8,56.5,16.7,18.5,4.0,4.3,30.5,6.5,22.7,22.1,6.5,11.7,29.6,2141,80.2,12.9,6.9,0.0,5.1
6075010200,California,San Francisco,4172,2173,1999,3.2,83.4,0.0,0.0,9.6,0.0,3670,117986.0,21679.0,117854.0,13392.0,5.0,0.0,66.2,6.2,26.4,0.0,1.3,28.4,3.8,38.5,11.7,4.9,12.6,27.3,2717,87.4,4.9,7.7,0.0,2.8
6075010300,California,San Francisco,4387,2282,2105,8.9,52.9,0.0,0.0,37.0,0.0,3156,87721.0,25948.0,67522.0,21124.0,15.9,31.7,53.7,14.5,25.3,5.6,0.9,22.3,5.4,32.6,25.4,2.4,11.9,27.3,2435,83.0,5.6,10.8,0.5,3.0
6075010400,California,San Francisco,5148,2711,2437,8.6,58.2,0.0,0.0,27.4,0.0,3880,103328.0,7436.0,77497.0,13346.0,7.9,0.0,55.2,15.8,20.5,3.1,5.4,32.0,1.3,22.4,32.9,4.1,7.2,29.4,3378,81.0,8.8,10.2,0.0,7.0
6075010500,California,San Francisco,2589,1315,1274,5.5,50.5,2.0,0.0,31.1,0.8,1891,105000.0,20291.0,92532.0,14043.0,9.4,0.0,63.7,8.9,18.3,4.2,5.0,24.0,12.0,12.0,42.5,2.5,7.0,23.9,1299,87.5,6.9,4.9,0.8,9.9
6075010600,California,San Francisco,3604,2064,1540,5.9,33.7,1.5,0.0,58.0,0.0,2652,34808.0,7901.0,39373.0,6846.0,24.4,44.1,46.1,25.6,21.0,0.0,7.4,16.2,2.4,26.4,43.8,6.5,4.5,25.6,2026,88.8,5.1,6.0,0.0,7.8
6075010700,California,San Francisco,5302,2661,2641,3.2,21.4,0.0,0.0,75.4,0.0,3450,22260.0,3329.0,23572.0,3890.0,26.0,21.0,25.9,38.5,24.4,3.2,8.1,15.5,1.8,32.0,42.3,3.9,4.6,28.2,2525,88.7,6.9,4.4,0.0,9.6
6075010800,California,San Francisco,5065,2233,2832,8.1,41.2,0.0,0.2,47.6,0.0,4345,85785.0,10136.0,56807.0,7694.0,17.3,22.2,50.0,13.7,30.4,0.7,5.1,22.8,4.9,25.1,34.2,4.2,8.8,30.7,3154,82.0,9.2,8.8,0.0,6.0
6075010900,California,San Francisco,4535,1872,2663,1.7,67.7,2.2,0.0,27.5,0.0,4065,113015.0,16747.0,92372.0,11927.0,9.1,16.8,66.4,5.2,28.0,0.0,0.4,21.2,5.4,30.7,22.3,8.7,11.7,31.4,3287,86.7,6.7,6.6,0.0,2.0
6075011000,California,San Francisco,5085,2309,2776,7.0,44.2,1.4,0.0,43.8,0.0,4388,109090.0,12660.0,72653.0,9111.0,5.4,0.0,68.8,7.7,18.8,1.1,3.6,23.8,11.7,38.4,11.7,10.0,4.4,32.5,3865,88.9,6.4,4.7,0.0,1.4
6075011100,California,San Francisco,4940,2628,2312,9.0,60.6,4.2,0.0,24.6,0.0,4056,72500.0,17712.0,57668.0,6307.0,11.1,0.0,54.7,17.0,23.4,1.3,3.6,14.3,4.6,39.7,26.9,7.7,6.9,29.7,3461,88.4,6.0,5.5,0.0,3.1
6075011200,California,San Francisco,3281,1660,1621,6.0,53.0,1.8,0.0,34.0,2.1,2704,78690.0,28052.0,104495.0,46170.0,12.0,20.5,60.9,12.5,23.9,0.5,2.2,21.7,3.5,34.8,32.1,1.7,6.2,29.1,1927,83.8,8.4,7.8,0.0,3.9
6075011300,California,San Francisco,2885,1450,1435,2.5,18.6,2.6,0.1,72.9,0.3,2140,24781.0,11750.0,37496.0,8291.0,23.4,36.8,40.6,32.3,23.2,2.7,1.3,12.6,2.5,25.1,47.6,2.2,10.0,24.8,1339,75.5,15.0,9.5,0.0,1.1
6075011700,California,San Francisco,1635,908,727,15.1,32.4,6.4,0.0,44.2,0.0,1223,34914.0,11100.0,54568.0,14706.0,25.2,39.3,39.9,27.4,22.3,2.0,8.4,7.4,0.0,31.4,51.0,6.4,3.8,27.2,1056,90.4,6.3,2.4,0.9,9.9
6075011800,California,San Francisco,1622,844,778,6.4,9.2,0.2,0.9,82.6,0.0,955,20478.0,3024.0,20942.0,5010.0,35.9,44.4,26.8,45.0,12.0,9.3,6.9,9.9,4.5,47.5,31.5,2.4,4.2,30.7,742,83.3,10.5,6.2,0.0,9.5
6075011901,California,San Francisco,2561,1331,1230,9.8,53.7,4.3,0.0,27.9,0.0,1984,59981.0,17478.0,59356.0,6814.0,14.4,0.0,63.3,15.3,20.9,0.0,0.5,17.6,5.3,24.0,41.8,3.1,8.2,32.8,1545,85.4,5.6,8.9,0.0,7.6
6075011902,California,San Francisco,2786,1536,1250,14.0,47.2,2.1,0.0,32.4,0.0,2141,66352.0,11308.0,57656.0,8407.0,19.1,0.0,64.0,13.5,21.0,0.4,1.2,13.7,1.0,22.0,51.5,10.5,1.3,26.5,1981,92.8,4.5,2.7,0.0,3.3
6075012000,California,San Francisco,3776,2179,1597,6.5,43.1,5.7,0.0,38.5,0.0,2857,38930.0,4253.0,35597.0,6139.0,21.9,19.7,35.7,30.7,29.4,0.0,4.2,13.3,0.0,37.7,39.4,5.4,4.1,27.4,2301,92.1,4.0,3.3,0.6,5.6
6075012100,California,San Francisco,3973,2027,1946,19.7,44.9,2.8,0.3,27.7,0.0,2948,51676.0,4291.0,40656.0,8499.0,16.7,0.0,50.1,14.9,30.1,2.8,2.0,8.1,2.0,28.0,49.8,5.2,6.9,26.3,2538,94.1,2.3,3.6,0.0,6.5
6075012201,California,San Francisco,4845,3075,1770,24.0,36.7,6.5,0.0,25.8,0.0,3146,41677.0,10517.0,31203.0,5577.0,23.6,2.8,40.1,28.0,23.7,3.5,4.7,7.8,0.9,40.3,42.8,7.3,0.9,30.9,2724,92.0,5.0,3.0,0.0,6.5
6075012202,California,San Francisco,3295,2163,1132,24.5,35.4,19.6,0.0,17.3,0.3,2240,29896.0,9176.0,28776.0,6464.0,29.7,0.0,34.3,25.7,24.3,7.7,7.8,11.4,1.3,32.1,36.5,11.0,7.6,24.2,1837,87.0,9.4,3.6,0.0,11.8
6075012301,California,San Francisco,1996,1199,797,27.8,30.8,8.3,1.1,28.7,0.0,1289,13909.0,3975.0,15497.0,2712.0,42.7,38.6,26.1,56.4,13.7,0.0,3.9,18.1,1.9,47.9,28.5,2.8,0.8,25.4,747,93.4,3.5,3.1,0.0,5.0
6075012302,California,San Francisco,2468,1413,1055,14.1,38.9,6.2,0.0,37.5,0.0,1790,34189.0,7219.0,40838.0,7531.0,26.9,0.0,55.1,18.5,20.6,2.5,3.3,13.8,1.8,33.4,34.1,5.3,11.7,29.3,1488,77.6,14.4,8.0,0.0,7.2
6075012401,California,San Francisco,4787,3002,1785,35.5,27.9,5.3,0.0,24.4,0.8,2755,20332.0,2970.0,17535.0,3626.0,27.6,4.7,24.9,52.5,15.4,1.8,5.4,2.8,5.2,54.9,34.5,2.0,0.5,22.5,2455,82.9,8.0,9.0,0.0,9.1
6075012402,California,San Francisco,3600,1992,1608,13.8,39.1,6.5,0.0,34.6,0.0,2875,38333.0,11989.0,41234.0,7009.0,26.0,58.1,50.3,18.2,24.3,1.5,5.8,9.5,1.9,57.1,20.7,7.5,3.2,26.8,1924,95.1,3.7,1.2,0.0,5.3
6075012501,California,San Francisco,3728,2357,1371,15.3,26.4,14.4,1.8,41.6,0.0,2757,16902.0,5468.0,14930.0,2724.0,37.2,17.5,20.2,33.6,25.6,4.4,16.3,9.9,2.8,57.6,24.5,2.8,2.4,25.6,1259,86.9,7.0,6.1,0.0,7.1
6075012502,California,San Francisco,4101,2465,1636,25.5,15.0,10.7,2.2,40.9,0.0,2881,11925.0,855.0,13140.0,1777.0,45.3,20.5,14.2,54.1,23.3,4.5,3.9,5.0,1.9,50.1,37.1,0.0,6.0,28.7,1474,79.1,12.1,8.8,0.0,14.1
6075012601,California,San Francisco,2334,1221,1113,14.7,74.3,0.6,0.0,10.4,0.0,1966,101875.0,17069.0,92279.0,10292.0,2.0,0.0,63.3,3.9,30.5,0.9,1.4,39.5,2.4,32.0,4.5,5.5,16.1,33.2,1722,88.3,4.8,6.9,0.0,5.8
6075012602,California,San Francisco,2943,1300,1643,4.3,82.8,0.0,0.0,10.0,0.0,2283,128750.0,12395.0,97012.0,13339.0,4.5,0.0,68.6,9.1,20.3,0.6,1.5,39.9,8.3,31.6,6.9,7.9,5.4,29.3,1920,87.3,5.7,7.0,0.0,4.8
6075012700,California,San Francisco,3760,1710,2050,5.3,75.8,3.8,0.0,7.5,0.0,3030,107689.0,37538.0,84057.0,10790.0,5.4,0.0,69.6,1.8,23.7,2.2,2.8,42.8,10.4,34.4,3.6,4.4,4.3,36.0,2276,84.4,10.9,4.7,0.0,6.0
6075012800,California,San Francisco,5128,2413,2715,11.5,73.6,1.2,0.0,9.4,0.0,3791,125758.0,30815.0,87505.0,11031.0,5.9,6.9,69.1,5.3,21.4,0.0,4.2,32.6,11.4,32.3,4.4,5.5,13.8,31.4,3304,87.8,3.2,9.0,0.0,4.6
6075012901,California,San Francisco,2587,1081,1506,4.0,77.6,0.0,0.3,12.4,0.0,2228,124056.0,13747.0,98450.0,9834.0,3.5,0.0,78.1,2.8,14.9,2.1,2.1,25.7,10.4,41.7,4.5,12.7,5.0,32.6,2054,91.3,2.8,5.9,0.0,3.0
6075012902,California,San Francisco,3537,1615,1922,6.4,72.0,1.1,0.0,15.8,0.0,2989,103810.0,12173.0,79474.0,8982.0,8.8,35.9,63.0,7.3,27.3,0.0,2.4,36.2,3.7,46.3,1.7,6.0,6.1,34.1,2554,91.8,6.5,1.7,0.0,2.6
6075013000,California,San Francisco,4626,2225,2401,6.0,79.6,0.0,0.2,11.1,0.0,3970,145871.0,14128.0,96552.0,12881.0,8.2,6.1,69.1,2.9,27.4,0.6,0.0,28.1,11.9,29.1,6.4,6.9,17.6,26.9,3249,91.4,3.2,5.4,0.0,6.8
6075013101,California,San Francisco,4071,2022,2049,6.6,67.5,2.4,0.0,19.6,0.0,3219,124043.0,24040.0,104123.0,14399.0,4.6,0.0,71.7,3.9,23.4,0.5,0.5,25.9,6.1,40.3,10.3,9.2,8.3,34.0,3114,90.3,2.5,7.2,0.0,3.5
6075013102,California,San Francisco,2823,1340,1483,6.5,80.1,0.0,0.0,11.7,0.4,2407,102333.0,10294.0,95241.0,20699.0,6.5,0.7,68.6,5.7,24.0,1.3,0.4,27.9,4.6,29.4,18.0,8.8,11.3,30.6,1977,85.1,6.0,8.9,0.0,1.5
6075013200,California,San Francisco,4796,2503,2293,5.0,79.0,2.0,0.0,13.3,0.0,3911,139669.0,29547.0,139559.0,23941.0,2.8,4.3,72.6,7.5,17.2,2.1,0.6,44.9,4.3,25.4,8.2,5.1,12.1,25.8,2634,82.3,3.9,13.7,0.0,4.5
6075013300,California,San Francisco,4497,2086,2411,8.4,69.7,1.9,0.0,13.7,0.0,3466,134152.0,23906.0,95836.0,10842.0,12.0,5.0,68.7,5.7,22.1,1.1,2.4,41.8,3.6,24.7,4.5,7.3,18.0,27.7,2209,74.0,12.8,13.3,0.0,6.1
6075013400,California,San Francisco,4026,1789,2237,6.8,78.7,1.3,0.0,9.4,0.6,3098,125409.0,19328.0,91193.0,13935.0,6.4,0.0,64.2,10.5,21.4,3.9,0.0,33.2,7.6,22.9,9.9,11.0,15.3,31.4,2720,80.7,5.8,13.1,0.4,3.3
6075013500,California,San Francisco,2580,1191,1389,8.1,67.2,2.6,0.1,18.8,0.2,2164,109083.0,16197.0,93416.0,12618.0,8.1,0.0,67.8,4.0,28.0,0.0,0.1,38.8,6.7,31.4,8.8,8.6,5.6,30.3,1716,86.7,6.0,7.3,0.0,3.8
6075015100,California,San Francisco,2175,1094,1081,8.8,55.8,0.0,0.0,31.2,0.0,1857,82255.0,25577.0,73375.0,7296.0,6.7,0.0,67.5,9.8,20.4,1.4,0.8,22.2,9.5,28.8,23.5,7.3,8.8,30.3,1414,88.3,3.3,8.5,0.0,3.5
6075015200,California,San Francisco,4300,2051,2249,4.2,63.6,6.3,0.0,23.3,0.0,3557,91265.0,17154.0,65131.0,10044.0,12.0,0.0,74.2,5.6,17.0,3.1,0.0,32.6,4.1,35.3,10.7,6.1,11.2,32.5,2543,83.8,6.4,9.9,0.0,6.7
6075015300,California,San Francisco,2141,1105,1036,7.9,64.7,7.8,0.0,14.7,1.0,1765,100583.0,18799.0,75595.0,11311.0,6.5,0.0,67.9,10.9,19.8,0.0,1.5,43.5,5.2,31.9,6.3,4.6,8.5,29.3,1491,84.5,6.5,8.2,0.8,2.4
6075015400,California,San Francisco,6080,2732,3348,5.0,60.6,3.0,0.0,26.7,1.0,4752,112472.0,9151.0,72216.0,11239.0,5.6,0.0,66.7,10.2,18.9,1.6,2.6,43.6,8.0,32.4,6.0,4.6,5.5,28.4,3448,80.7,7.7,11.6,0.0,8.1
6075015500,California,San Francisco,3633,1577,2056,7.7,52.0,5.6,0.0,32.1,0.0,3077,63423.0,19384.0,67432.0,24125.0,19.2,0.0,48.7,16.9,30.4,0.0,3.9,14.1,7.6,37.1,22.7,3.9,14.7,25.7,1734,89.2,9.7,1.2,0.0,5.1
6075015600,California,San Francisco,3323,1648,1675,9.9,47.3,1.4,0.0,34.8,0.0,2270,85253.0,6667.0,59120.0,10809.0,15.3,23.3,57.0,13.1,20.5,5.5,3.9,34.5,7.3,30.5,10.8,6.9,10.0,28.3,1791,78.8,8.9,11.7,0.6,6.2
6075015700,California,San Francisco,8403,3961,4442,13.9,48.9,5.4,0.0,26.4,1.0,7310,88368.0,13908.0,41373.0,8824.0,9.7,2.2,51.9,18.0,24.7,1.6,3.9,26.4,7.1,32.3,14.4,13.7,6.2,29.6,4551,86.8,8.0,5.2,0.0,11.2
6075015801,California,San Francisco,3997,1843,2154,10.8,35.0,34.9,0.0,17.0,0.0,2994,71339.0,16654.0,40415.0,6666.0,21.4,44.8,52.0,20.4,17.5,7.9,2.2,29.3,4.4,39.2,14.9,9.0,3.1,26.2,2010,83.7,10.3,6.0,0.0,12.8
6075015802,California,San Francisco,3081,1664,1417,12.9,62.7,8.2,0.0,11.4,0.0,2478,81250.0,23616.0,67179.0,12596.0,9.9,5.8,67.7,7.7,19.3,0.4,4.8,27.3,3.0,45.9,4.8,14.4,4.6,31.4,2041,86.0,5.9,8.1,0.0,9.7
6075015900,California,San Francisco,4077,1940,2137,10.1,38.8,13.4,0.1,34.8,0.7,2856,44157.0,15497.0,37756.0,5464.0,18.1,5.2,50.2,17.9,23.1,1.3,7.6,23.0,2.8,43.0,14.2,11.0,6.0,33.5,2010,79.5,8.3,12.2,0.0,4.4
6075016000,California,San Francisco,2554,1377,1177,9.1,48.2,6.9,0.0,29.5,0.0,2064,56458.0,13197.0,60545.0,10717.0,12.5,0.0,70.9,12.2,15.4,0.7,0.8,26.0,7.9,35.6,13.2,4.8,12.6,31.4,1504,77.1,8.0,14.9,0.0,4.9
6075016100,California,San Francisco,5482,2486,2996,7.6,20.4,33.2,1.0,31.4,0.0,3953,22793.0,6165.0,29973.0,6770.0,31.8,54.5,29.6,21.8,34.6,1.3,12.6,30.8,2.5,35.2,11.4,12.4,7.8,30.0,2594,82.7,8.4,8.9,0.0,10.1
6075016200,California,San Francisco,2733,1663,1070,15.0,61.8,4.3,0.0,15.9,0.0,2329,69875.0,11680.0,65821.0,9278.0,9.3,0.0,62.0,19.1,14.7,3.0,1.2,21.7,1.3,42.0,17.3,14.5,3.1,31.4,2055,86.8,8.4,4.9,0.0,3.0
6075016300,California,San Francisco,4623,2914,1709,18.4,46.3,17.8,0.0,12.7,0.0,3383,86940.0,23442.0,66160.0,12109.0,16.4,65.2,56.6,22.9,15.5,1.3,3.7,18.2,5.7,43.1,5.7,20.2,7.1,31.9,3595,85.7,6.9,7.4,0.0,3.3
6075016400,California,San Francisco,4118,2130,1988,11.8,63.1,11.0,0.2,8.5,0.0,3420,86536.0,12975.0,53941.0,6008.0,12.8,15.5,61.1,12.9,17.2,3.8,5.1,19.4,5.0,41.7,13.1,13.1,7.7,31.2,3058,85.0,8.1,6.9,0.0,4.4
6075016500,California,San Francisco,5708,2491,3217,12.6,62.9,10.6,0.2,9.6,0.0,4746,82232.0,17501.0,47957.0,4594.0,11.9,0.0,60.0,16.8,20.4,1.2,1.5,32.1,5.0,33.2,16.5,7.4,5.9,30.5,3576,84.1,7.4,8.0,0.6,5.7
6075016600,California,San Francisco,5468,3084,2384,7.5,70.2,1.6,0.3,13.2,0.5,4851,103750.0,16767.0,55375.0,5289.0,13.4,0.0,63.8,11.1,17.9,3.7,3.5,27.1,3.9,38.1,9.6,14.2,7.1,34.5,4056,87.0,5.4,7.5,0.0,5.4
6075016700,California,San Francisco,4793,2778,2015,10.3,74.8,4.1,0.2,7.1,0.0,4128,130865.0,20988.0,86186.0,10398.0,8.8,0.0,74.4,5.3,15.4,2.4,2.5,27.4,6.5,34.2,8.9,12.6,10.4,34.0,3776,73.7,9.7,16.6,0.0,5.3
6075016801,California,San Francisco,3558,2214,1344,9.1,61.4,12.3,0.6,11.4,2.2,3033,94659.0,26293.0,56668.0,7311.0,9.9,0.0,69.6,8.6,19.0,1.2,1.7,19.3,2.9,39.1,13.7,13.4,11.5,31.8,2502,76.9,8.6,14.5,0.0,6.9
6075016802,California,San Francisco,3011,1847,1164,20.3,56.7,7.2,1.4,11.5,0.4,2557,76563.0,14035.0,64755.0,9684.0,13.1,16.0,63.3,12.4,15.8,1.4,7.0,18.0,7.3,43.3,15.5,10.3,5.6,31.4,2186,82.8,8.4,8.8,0.0,6.0
6075016900,California,San Francisco,2987,1946,1041,12.5,70.3,4.0,0.0,10.3,0.0,2585,101371.0,13991.0,72699.0,8197.0,7.8,0.0,74.8,5.3,14.1,4.1,1.7,14.7,3.3,48.9,10.0,8.6,14.4,33.2,2120,78.9,9.8,11.3,0.0,6.8
6075017000,California,San Francisco,3825,2391,1434,6.7,74.9,2.3,0.0,13.4,0.5,3299,128921.0,11191.0,85061.0,9629.0,5.4,0.0,72.9,4.6,19.4,1.1,2.0,41.4,4.2,31.5,8.3,6.6,8.0,31.7,2642,71.5,10.6,17.9,0.0,3.9
6075017101,California,San Francisco,3733,1994,1739,6.9,80.1,4.1,0.0,4.0,0.0,3053,126591.0,17796.0,98459.0,11117.0,4.2,0.0,73.7,8.4,11.2,1.5,5.1,38.4,5.5,37.8,4.0,6.0,8.3,34.4,2509,78.6,9.4,12.0,0.0,3.5
6075017102,California,San Francisco,3764,1721,2043,9.0,77.3,3.0,0.0,6.9,0.0,3018,121500.0,20973.0,80376.0,8473.0,9.8,2.1,78.3,6.9,13.6,0.5,0.7,28.9,4.7,43.7,5.4,6.9,10.4,34.4,2690,72.4,16.1,11.5,0.0,5.9
6075017601,California,San Francisco,7208,4196,3012,8.2,27.6,13.0,0.0,45.2,0.5,4959,23757.0,5311.0,44238.0,11874.0,28.1,24.3,46.3,27.0,18.8,1.9,6.0,14.4,4.7,36.5,33.6,8.4,2.4,24.5,3741,87.2,5.8,7.1,0.0,4.6
6075017700,California,San Francisco,1763,1086,677,33.8,41.2,2.7,0.0,12.0,0.0,1219,78712.0,10183.0,50117.0,8756.0,18.0,35.4,46.5,17.4,22.7,7.2,6.3,27.6,4.2,32.7,10.9,14.3,10.2,26.8,1100,81.9,5.3,12.5,0.4,9.4
6075017801,California,San Francisco,3115,1171,1944,3.1,27.7,4.5,0.0,64.7,0.0,2775,16837.0,4682.0,52275.0,12504.0,36.8,0.0,68.0,11.5,15.0,0.0,5.6,16.5,6.7,34.1,22.4,4.4,16.1,33.1,1055,78.1,8.2,13.6,0.0,6.7
6075017802,California,San Francisco,4539,2597,1942,15.5,40.3,13.5,0.0,21.2,0.4,3475,70057.0,15781.0,46357.0,6919.0,22.3,7.5,60.3,16.4,15.6,2.8,4.9,26.8,4.3,27.6,21.5,9.3,10.4,27.7,2597,84.3,6.2,8.9,0.6,7.3
6075017902,California,San Francisco,3187,1716,1471,28.5,28.1,18.6,0.1,16.7,1.4,2103,40769.0,10843.0,14644.0,2558.0,51.8,42.9,26.9,28.4,26.9,7.3,10.5,27.2,6.3,47.4,8.0,2.6,8.6,31.7,1388,76.7,17.2,6.1,0.0,13.3
6075018000,California,San Francisco,3231,2195,1036,15.6,42.0,14.9,0.4,20.4,0.8,2577,146667.0,29009.0,69196.0,9448.0,21.8,0.0,72.3,9.2,13.2,0.2,5.0,21.3,5.7,24.5,25.8,7.2,15.5,28.4,1772,90.2,4.7,5.1,0.0,7.8
6075020100,California,San Francisco,5548,3421,2127,43.8,28.4,4.1,0.9,18.0,0.9,3791,36951.0,9994.0,39368.0,6181.0,28.2,21.6,45.2,31.2,16.4,1.1,6.1,23.1,0.8,45.2,16.5,12.8,1.6,30.0,2918,82.5,8.2,9.4,0.0,11.3
6075020200,California,San Francisco,5925,3788,2137,20.5,53.4,5.9,0.0,15.0,0.0,4768,66750.0,18660.0,54996.0,6020.0,12.7,19.9,59.9,14.9,20.3,2.9,1.9,21.8,4.6,43.7,12.6,9.4,7.8,30.1,3558,83.4,9.2,7.3,0.0,9.8
6075020300,California,San Francisco,3030,1879,1151,15.0,64.1,2.3,1.4,12.1,0.0,2525,102069.0,14426.0,69069.0,6867.0,11.4,20.4,80.2,8.2,9.8,1.4,0.5,22.0,2.1,47.3,9.4,9.7,9.6,33.5,2123,78.0,10.4,11.6,0.0,4.3
6075020401,California,San Francisco,3139,1969,1170,4.8,74.4,3.8,0.8,10.9,0.0,2729,139460.0,17425.0,97288.0,13444.0,3.3,0.0,75.2,6.0,15.9,1.8,1.1,45.0,2.6,25.4,4.4,7.0,15.6,34.1,2362,75.3,8.0,16.8,0.0,2.7
6075020402,California,San Francisco,4490,2786,1704,13.1,69.3,2.5,0.0,12.6,0.0,3840,86952.0,8501.0,71640.0,12400.0,5.0,4.7,64.7,9.4,21.0,2.3,2.6,56.8,5.4,23.1,4.7,3.2,6.8,34.4,3019,71.1,19.8,9.0,0.0,2.2
6075020500,California,San Francisco,2738,1721,1017,9.3,77.4,2.4,0.5,7.6,0.0,2241,116000.0,19415.0,82854.0,14040.0,6.1,5.9,62.9,13.3,18.9,4.3,0.6,28.4,4.7,47.1,7.1,4.6,8.1,29.6,1986,83.4,5.5,11.1,0.0,3.1
6075020600,California,San Francisco,4661,2934,1727,9.9,74.6,2.2,0.3,9.6,0.6,4096,133750.0,20476.0,105863.0,16880.0,8.4,0.0,73.3,10.0,15.9,0.6,0.3,32.6,2.7,42.3,6.3,7.3,8.9,29.9,3150,79.7,10.2,10.1,0.0,4.0
6075020700,California,San Francisco,5553,2642,2911,13.5,65.6,0.8,0.1,14.5,0.0,4417,127798.0,11792.0,92337.0,13820.0,12.1,20.9,77.6,6.0,13.0,1.2,2.3,23.1,4.6,44.1,9.7,12.6,6.0,28.7,4197,88.1,5.2,6.7,0.0,4.1
6075020800,California,San Francisco,6302,3845,2457,47.1,32.5,1.8,1.0,12.8,0.2,4122,67295.0,25019.0,48971.0,7762.0,15.4,3.4,43.6,23.8,9.7,13.9,9.1,20.7,0.6,42.9,14.2,17.3,4.3,31.5,4207,85.1,7.2,6.7,1.0,7.2
6075020900,California,San Francisco,4774,2567,2207,50.5,35.9,0.9,0.0,9.7,0.0,3084,50078.0,7814.0,35833.0,5264.0,17.7,9.5,37.8,31.0,16.9,4.8,9.4,21.9,1.8,44.4,10.2,12.2,9.6,30.6,2901,79.7,8.9,11.4,0.0,6.1
6075021000,California,San Francisco,4564,2631,1933,20.6,62.4,0.5,0.5,12.3,0.0,3719,96330.0,19169.0,67167.0,9925.0,8.5,0.0,72.5,9.3,10.9,0.4,6.9,21.4,0.4,51.5,8.9,7.3,10.5,30.5,3256,79.0,8.4,12.3,0.3,4.1
6075021100,California,San Francisco,3984,1992,1992,11.1,71.1,0.8,0.5,12.2,0.0,2981,118221.0,24252.0,92638.0,13414.0,6.3,7.2,75.1,5.6,15.0,3.2,1.1,36.5,7.6,31.1,2.2,8.8,13.8,32.9,2469,77.7,13.1,9.0,0.3,7.5
6075021200,California,San Francisco,2851,1402,1449,7.9,76.9,1.1,0.0,11.2,0.0,2203,130266.0,8828.0,89841.0,13889.0,6.9,0.0,77.5,3.3,15.8,1.1,2.2,43.2,12.8,25.7,0.5,8.3,9.5,31.5,1921,78.3,11.6,10.2,0.0,3.7
6075021300,California,San Francisco,2661,1498,1163,8.2,72.6,0.0,0.0,12.1,0.0,2033,171184.0,36770.0,97473.0,15375.0,3.2,0.0,74.3,4.9,15.3,3.7,1.8,39.6,5.4,36.6,0.0,7.5,10.9,34.1,1685,82.7,8.0,9.3,0.0,2.1
6075021400,California,San Francisco,3697,1838,1859,12.5,71.0,0.0,0.0,13.2,1.1,2878,142386.0,18515.0,92461.0,11541.0,3.2,1.7,77.7,3.5,16.3,1.6,0.9,38.0,7.7,34.1,3.7,6.4,10.1,33.2,2368,79.1,11.2,9.7,0.0,6.3
6075021500,California,San Francisco,5181,2519,2662,11.1,72.5,3.0,0.0,10.2,0.4,3897,110500.0,9306.0,78506.0,8004.0,5.6,0.0,66.8,8.1,17.2,4.6,3.3,38.2,4.6,33.6,1.4,11.6,10.6,32.9,3538,75.8,12.7,10.4,1.1,4.2
6075021600,California,San Francisco,4395,2226,2169,12.3,54.4,8.8,0.0,20.6,0.0,3573,115500.0,28572.0,73392.0,12302.0,7.9,12.8,66.0,15.2,16.7,1.0,1.1,34.6,8.4,35.0,5.6,5.6,10.9,38.0,2830,72.6,8.1,19.3,0.0,5.7
6075021700,California,San Francisco,3975,2098,1877,12.6,54.5,8.8,0.2,19.8,0.0,2986,102431.0,25921.0,66103.0,8498.0,11.3,7.8,63.7,13.0,19.7,0.5,3.0,43.3,8.1,34.2,1.0,7.8,5.5,31.6,2142,78.2,10.3,11.5,0.0,6.1
6075021800,California,San Francisco,4144,2123,2021,12.3,73.3,2.9,0.0,7.9,0.0,3149,123646.0,14221.0,73983.0,7207.0,5.6,0.0,78.1,3.9,14.3,2.1,1.6,41.3,5.9,33.5,1.1,10.0,8.1,34.9,2475,71.6,11.2,17.3,0.0,4.4
6075022600,California,San Francisco,1889,1057,832,8.5,60.5,9.8,0.0,17.9,0.0,1544,176875.0,20678.0,94692.0,10277.0,2.4,0.0,76.7,2.9,17.3,0.6,2.5,30.8,6.0,36.4,6.4,10.6,9.8,30.7,1442,89.5,5.2,5.3,0.0,4.0
6075022702,California,San Francisco,2342,1239,1103,12.0,64.7,3.1,0.0,13.7,0.0,1778,164135.0,13191.0,90168.0,12589.0,4.5,5.5,74.0,7.5,16.4,0.3,1.8,44.2,4.4,26.4,5.3,10.0,9.6,32.0,1673,79.7,10.8,9.5,0.0,1.4
6075022704,California,San Francisco,3250,1735,1515,7.4,68.2,1.1,0.0,18.4,0.0,2669,134726.0,23465.0,94088.0,9276.0,5.2,0.0,79.0,3.0,16.0,1.0,1.1,50.5,5.0,16.8,5.3,13.8,8.6,29.6,2282,83.3,7.8,8.9,0.0,7.5
6075022801,California,San Francisco,5252,2941,2311,34.3,41.2,3.6,0.0,16.0,0.5,3424,109141.0,24475.0,53082.0,5582.0,11.4,12.3,52.4,19.2,15.5,6.2,6.7,32.1,4.8,34.5,9.6,11.7,7.2,29.8,3472,87.8,5.7,6.4,0.0,6.6
6075022802,California,San Francisco,2355,1162,1193,43.9,34.0,4.0,0.0,12.7,0.0,1695,58594.0,10676.0,32414.0,6082.0,26.8,54.5,39.7,26.5,13.0,11.8,9.0,28.9,2.8,40.2,10.3,13.1,4.7,33.6,1128,80.1,9.9,10.0,0.0,2.8
6075022803,California,San Francisco,4832,2384,2448,53.4,31.7,1.8,0.0,10.9,0.0,2826,96081.0,9403.0,42217.0,5282.0,12.7,17.1,47.0,23.3,18.5,4.1,7.1,32.5,4.5,33.5,7.9,13.3,8.3,30.7,2866,84.5,7.4,8.1,0.0,8.8
6075022901,California,San Francisco,5347,3058,2289,62.3,25.8,2.9,0.0,7.3,0.0,2761,66111.0,11132.0,29020.0,4516.0,20.8,35.4,39.5,31.7,14.3,7.9,6.6,18.9,6.1,43.2,4.6,21.0,6.2,27.2,2928,80.6,11.2,8.3,0.0,12.7
6075022902,California,San Francisco,2547,1374,1173,45.2,38.5,5.5,0.0,6.2,0.8,2057,97241.0,19915.0,45649.0,3811.0,11.9,9.2,48.9,22.9,16.7,3.3,8.2,24.8,6.3,33.8,12.0,14.1,8.9,31.9,1663,74.0,18.9,7.1,0.0,4.9
6075022903,California,San Francisco,3111,1509,1602,48.2,32.8,3.3,0.2,10.4,0.0,2269,82656.0,22756.0,41333.0,6978.0,13.1,7.7,41.7,26.9,17.9,7.6,5.9,44.0,5.1,29.5,4.9,11.6,4.9,28.8,1853,81.1,11.7,7.2,0.0,5.0
6075023001,California,San Francisco,5080,2456,2624,7.3,6.9,12.1,0.0,72.1,0.0,3246,58750.0,12239.0,22949.0,3034.0,19.6,26.8,19.1,29.5,27.8,9.6,14.1,44.6,15.3,31.5,3.3,2.0,3.4,33.1,2458,77.2,17.2,5.7,0.0,10.8
6075023003,California,San Francisco,4387,2065,2322,15.6,13.1,26.9,0.3,42.3,0.0,2908,81569.0,10424.0,29004.0,5309.0,14.3,18.7,35.5,17.8,27.3,8.2,11.2,56.5,15.5,19.4,1.0,0.8,6.9,32.2,2186,72.5,19.7,7.8,0.0,9.5
6075023102,California,San Francisco,4667,2063,2604,15.0,5.3,54.8,0.0,15.9,5.0,2729,31434.0,12069.0,17545.0,3323.0,43.2,63.4,24.0,25.0,32.2,6.8,12.0,49.7,12.3,31.4,2.4,2.8,1.4,33.9,1821,75.0,19.3,4.1,1.6,18.5
6075023103,California,San Francisco,2922,1252,1670,22.2,3.1,48.3,0.0,4.6,14.2,1446,19618.0,4574.0,9562.0,1872.0,39.3,45.0,17.5,32.5,36.4,1.0,12.4,62.2,2.3,20.7,4.3,4.3,6.4,28.6,667,79.0,21.0,0.0,0.0,17.7
6075023200,California,San Francisco,4355,2182,2173,32.4,7.1,43.6,0.0,10.3,0.9,2557,42212.0,6163.0,21893.0,4505.0,26.2,34.1,17.0,27.3,30.9,14.2,10.6,54.6,8.1,28.1,4.2,3.8,1.1,31.5,1882,78.6,15.0,6.4,0.0,14.8
6075023300,California,San Francisco,3218,1536,1682,15.7,7.5,7.0,0.0,68.9,0.0,1841,65096.0,21076.0,26097.0,2836.0,11.0,15.0,25.1,27.4,24.5,11.3,11.8,50.1,14.5,27.8,2.4,1.6,3.7,30.3,1700,84.1,9.9,5.9,0.1,11.0
6075023400,California,San Francisco,2976,1504,1472,34.6,2.6,21.0,1.8,25.1,6.0,1766,34464.0,11865.0,17579.0,2677.0,23.8,44.8,24.3,33.1,15.3,10.9,16.4,54.7,6.7,30.9,0.3,2.9,4.4,29.6,1260,67.3,23.6,9.1,0.0,14.9
6075025100,California,San Francisco,3422,1795,1627,23.1,49.9,8.0,0.0,16.0,0.0,2568,95156.0,13388.0,56891.0,7556.0,7.9,6.9,59.9,13.5,20.9,3.5,2.2,45.5,9.6,22.7,5.0,11.3,6.0,30.9,1953,68.0,18.4,13.6,0.0,7.6
6075025200,California,San Francisco,5948,2919,3029,29.3,52.3,1.4,0.1,12.3,0.0,4360,128009.0,19932.0,65894.0,14456.0,8.1,0.0,72.5,9.3,10.2,4.3,3.7,47.0,6.2,20.3,3.5,12.8,10.2,32.0,3291,76.2,11.0,12.8,0.0,12.8
6075025300,California,San Francisco,4574,2394,2180,25.5,53.2,2.3,0.7,12.2,0.0,3243,93900.0,19209.0,55677.0,4995.0,10.8,6.3,61.4,15.6,11.6,4.3,7.1,29.5,6.0,41.3,3.5,15.0,4.7,32.1,2992,75.1,11.6,12.8,0.5,1.0
6075025401,California,San Francisco,3309,1614,1695,35.9,45.7,5.0,0.0,9.1,0.0,2176,88462.0,38377.0,41656.0,5274.0,9.2,8.7,57.1,19.4,17.8,4.2,1.5,37.3,8.2,36.9,0.9,10.2,6.5,33.4,1778,74.5,15.1,10.5,0.0,9.0
6075025402,California,San Francisco,3080,1542,1538,14.6,51.9,2.4,0.0,22.2,0.0,2133,137721.0,37527.0,57720.0,7643.0,5.8,11.2,59.8,10.6,18.3,1.9,9.3,44.7,4.3,31.6,2.4,8.3,8.7,36.8,1875,75.0,10.9,14.1,0.0,4.5
6075025403,California,San Francisco,5154,2753,2401,41.8,22.7,8.9,0.0,21.8,0.0,3109,73159.0,8029.0,29833.0,2778.0,11.9,9.1,40.6,26.1,18.3,9.2,5.8,42.7,7.5,38.2,2.5,2.4,6.7,34.2,2713,78.6,13.4,8.0,0.0,13.2
6075025500,California,San Francisco,9303,4705,4598,39.6,19.4,0.6,0.0,38.8,0.0,6339,92216.0,19312.0,38936.0,7104.0,7.2,6.6,38.1,19.2,21.8,9.4,11.4,51.6,11.2,28.2,2.3,2.9,3.7,29.7,5035,75.9,11.5,12.6,0.0,6.6
6075025600,California,San Francisco,5648,3028,2620,20.5,16.3,2.2,0.2,57.5,0.0,3865,73452.0,10941.0,30536.0,3705.0,6.3,3.0,29.6,30.7,23.9,7.5,8.4,57.3,10.8,27.0,0.6,3.4,0.9,27.9,2904,73.7,20.2,6.0,0.2,7.5
6075025701,California,San Francisco,5074,2545,2529,23.4,13.2,4.5,0.3,56.9,0.1,3355,78708.0,8277.0,35248.0,10245.0,12.5,14.8,25.7,24.1,32.9,5.9,11.4,48.1,13.1,27.1,2.2,2.9,6.7,32.4,2560,80.2,12.3,7.5,0.0,4.8
6075025702,California,San Francisco,4911,2329,2582,26.6,6.9,2.3,0.2,64.0,0.0,2671,60836.0,3849.0,20836.0,2489.0,13.0,16.6,20.9,35.4,23.3,5.3,15.1,48.4,14.1,28.0,2.6,4.3,2.6,33.2,2386,81.1,14.3,4.5,0.0,5.8
6075025800,California,San Francisco,2035,898,1137,24.4,11.3,5.6,0.0,55.9,0.0,1322,56250.0,22267.0,24178.0,4127.0,25.8,45.3,30.7,31.3,27.1,5.3,5.7,45.1,12.6,35.2,0.8,0.8,5.5,34.6,982,81.2,12.4,6.4,0.0,9.3
6075025900,California,San Francisco,4249,2073,2176,21.4,22.2,6.3,0.0,48.0,0.0,3304,87188.0,9559.0,40735.0,6243.0,6.3,1.5,38.6,18.5,31.9,4.4,6.6,43.9,21.1,23.0,0.8,0.9,10.3,33.0,2314,71.0,15.6,11.2,2.2,8.6
6075026001,California,San Francisco,5751,2620,3131,43.5,10.4,2.5,0.3,36.7,1.3,3191,60938.0,15085.0,22567.0,2640.0,14.0,15.4,23.4,41.5,19.0,5.4,10.7,39.2,9.0,39.7,4.4,4.6,3.1,34.1,2868,75.0,14.5,10.2,0.3,7.2
6075026002,California,San Francisco,3497,1812,1685,34.2,24.8,4.8,0.3,34.3,0.0,2401,84063.0,10603.0,37053.0,9433.0,5.7,2.6,30.2,25.7,22.3,8.6,13.2,47.4,8.8,37.4,0.0,3.3,2.9,36.0,2035,69.8,19.2,11.1,0.0,6.1
6075026003,California,San Francisco,4976,2653,2323,38.9,12.8,1.3,0.7,43.3,0.0,2977,59792.0,7578.0,26045.0,3188.0,6.4,0.0,22.4,37.3,16.1,11.7,12.5,50.7,9.8,29.4,5.3,2.8,2.1,29.3,2826,83.2,11.4,5.4,0.0,10.2
6075026004,California,San Francisco,5015,2610,2405,36.9,10.5,1.3,1.1,48.5,0.0,3029,65862.0,7778.0,26064.0,4061.0,9.1,3.7,24.2,35.1,16.7,12.2,11.8,39.1,12.0,44.1,0.8,0.2,3.8,35.6,2533,75.8,16.4,7.8,0.0,10.0
6075026100,California,San Francisco,6934,3007,3927,27.7,8.0,1.6,0.0,56.9,0.6,4302,62652.0,12379.0,25581.0,2342.0,11.6,16.5,27.9,32.7,23.0,7.6,8.7,40.5,12.9,40.7,3.1,1.5,1.3,32.7,3507,80.8,15.9,3.2,0.0,6.8
6075026200,California,San Francisco,7746,3811,3935,22.8,9.7,1.2,0.9,63.2,0.0,5050,75060.0,14349.0,24325.0,2453.0,8.6,7.8,24.9,32.6,26.1,4.8,11.6,48.6,12.8,29.6,2.2,3.0,3.7,35.5,3796,80.4,9.0,10.5,0.0,11.9
6075026301,California,San Francisco,4750,2323,2427,25.9,14.7,1.1,0.9,55.7,0.5,3213,56531.0,10486.0,24467.0,2933.0,13.5,7.5,27.0,30.3,21.8,12.4,8.6,51.4,12.8,30.8,2.7,1.8,0.6,33.4,2395,74.3,14.2,11.5,0.0,8.3
6075026302,California,San Francisco,4785,2356,2429,24.5,14.4,2.2,0.0,57.0,0.0,3563,72666.0,10376.0,27216.0,2740.0,7.5,6.4,25.0,30.7,24.4,4.8,15.1,58.4,9.1,25.0,0.0,1.0,6.5,37.0,2628,80.9,13.0,6.1,0.0,9.3
6075026303,California,San Francisco,5218,2751,2467,27.1,12.3,2.0,0.1,57.0,0.0,3333,75096.0,22760.0,22208.0,3347.0,12.0,12.3,23.4,24.7,24.2,13.1,14.6,51.0,11.6,32.4,0.7,2.9,1.4,33.0,2370,77.3,15.5,7.2,0.0,12.0
6075026401,California,San Francisco,3937,1989,1948,12.6,3.5,10.8,0.0,70.2,0.7,2654,46150.0,5928.0,18923.0,1847.0,12.7,24.2,20.1,31.8,21.8,10.0,16.2,50.6,8.9,35.5,3.2,0.0,1.9,37.6,1768,72.8,23.2,4.0,0.0,15.2
6075026402,California,San Francisco,4407,2174,2233,13.9,10.8,15.2,0.0,57.0,0.0,3083,80395.0,18337.0,27056.0,3013.0,7.4,3.7,34.3,24.1,25.7,5.4,10.4,47.2,14.6,27.1,3.3,5.7,2.1,34.1,2226,81.2,13.7,5.1,0.0,7.4
6075026403,California,San Francisco,3655,1804,1851,17.9,3.9,2.1,0.2,71.4,0.0,2454,50372.0,13593.0,20007.0,2760.0,15.9,17.5,22.4,28.9,29.6,4.0,15.2,41.9,11.9,36.7,6.5,1.1,1.9,33.2,1715,79.0,14.9,6.2,0.0,12.8
6075026404,California,San Francisco,2377,1104,1273,19.9,2.1,21.0,0.1,51.3,4.2,1474,41890.0,8277.0,19457.0,3203.0,16.2,35.3,22.8,37.7,17.6,6.7,15.2,48.8,10.6,30.9,1.6,0.8,7.3,36.6,1111,73.1,18.5,8.5,0.0,15.7
6075030101,California,San Francisco,4895,2492,2403,8.6,59.6,2.8,1.0,20.5,0.0,3842,79071.0,14729.0,57418.0,8820.0,12.3,8.0,65.7,11.2,18.0,1.8,3.4,24.4,7.9,42.0,11.8,3.6,10.3,31.7,3253,75.1,18.1,6.1,0.7,5.4
6075030102,California,San Francisco,5095,2500,2595,8.5,64.4,2.2,0.0,20.1,0.0,3985,110433.0,17757.0,69933.0,10750.0,7.3,0.0,74.0,5.1,19.0,0.7,1.2,41.6,5.2,29.1,7.2,8.0,8.8,33.7,2951,73.8,18.5,7.1,0.7,3.3
6075030201,California,San Francisco,4233,2020,2213,4.7,60.2,0.5,0.0,29.1,0.0,3431,89821.0,9135.0,50524.0,4171.0,8.6,4.4,68.2,5.8,22.5,1.0,2.4,37.6,2.7,32.4,6.8,11.1,9.4,33.4,2703,70.7,16.1,13.2,0.0,5.8
6075030202,California,San Francisco,4467,2050,2417,15.3,52.2,2.2,0.0,22.0,0.0,3506,96547.0,7692.0,60147.0,10412.0,11.0,0.0,72.7,9.5,15.6,1.6,0.6,30.8,6.2,42.9,13.4,3.7,3.1,31.3,2765,81.5,12.8,5.7,0.0,3.6
6075030301,California,San Francisco,6101,2837,3264,6.4,43.9,2.9,0.0,43.2,0.0,4594,109670.0,20662.0,61692.0,10995.0,7.2,8.4,67.0,12.3,15.9,1.4,3.4,44.4,9.9,27.3,5.0,5.1,8.3,33.0,3472,76.4,15.0,8.6,0.0,1.2
6075030302,California,San Francisco,4171,2014,2157,7.2,40.9,0.6,0.0,47.4,0.0,2968,132417.0,14783.0,59315.0,7207.0,9.6,2.3,59.8,14.7,18.0,3.5,4.0,47.7,7.3,30.2,3.2,2.6,9.0,34.4,2076,65.4,20.3,14.3,0.0,7.3
6075030400,California,San Francisco,5373,2539,2834,3.1,47.8,2.4,0.1,40.3,0.0,4119,150221.0,27033.0,79231.0,10979.0,7.6,6.0,59.2,8.6,24.4,2.9,4.9,44.5,5.4,32.1,4.9,3.4,9.7,34.3,2988,73.2,14.1,12.8,0.0,5.2
6075030500,California,San Francisco,2820,1575,1245,15.3,48.5,7.1,0.2,20.5,0.6,2111,107824.0,18837.0,46480.0,5831.0,5.8,0.0,65.2,11.5,16.6,4.1,2.5,49.2,13.0,24.5,0.6,4.8,7.9,29.0,1185,81.6,9.5,8.9,0.0,6.5
6075030600,California,San Francisco,2243,1168,1075,10.2,55.2,1.0,0.0,27.6,0.0,1639,145625.0,24049.0,82372.0,19588.0,2.1,1.2,71.7,6.7,18.3,0.8,2.6,54.6,9.0,20.2,3.6,3.3,9.3,29.3,1055,68.9,15.8,15.3,0.0,6.7
6075030700,California,San Francisco,6952,3714,3238,13.8,50.9,1.1,0.0,28.1,0.0,5061,120308.0,21383.0,57708.0,5873.0,5.7,1.2,58.8,15.3,18.7,3.3,3.9,62.2,9.4,18.0,3.8,1.3,5.2,30.4,3721,74.4,10.7,14.9,0.0,5.2
6075030800,California,San Francisco,5681,2865,2816,10.7,50.6,3.2,0.0,30.0,0.4,4311,131699.0,22424.0,75672.0,9444.0,3.2,2.1,69.3,6.4,15.6,2.8,5.9,31.9,9.7,42.4,5.0,2.0,8.9,29.1,2874,74.5,13.3,12.2,0.0,4.6
6075030900,California,San Francisco,6788,3433,3355,8.0,45.1,2.2,0.0,42.2,0.6,5034,145363.0,19757.0,65972.0,9706.0,9.4,3.9,58.9,9.1,24.9,2.8,4.3,60.0,11.7,21.2,1.5,2.9,2.7,33.9,3187,70.2,17.7,12.1,0.0,6.2
6075031000,California,San Francisco,3674,1853,1821,14.9,45.5,2.7,0.1,33.0,0.0,2740,122391.0,9065.0,53104.0,6303.0,5.4,5.5,60.7,11.3,19.6,2.6,5.8,53.3,15.3,21.9,1.6,1.0,7.0,28.6,1993,70.1,20.5,8.7,0.7,5.7
6075031100,California,San Francisco,6616,3331,3285,13.9,44.8,7.8,0.0,28.8,0.0,4884,103838.0,13971.0,48899.0,7843.0,7.1,2.0,46.5,18.2,25.5,6.0,3.9,47.3,8.2,32.7,5.5,4.0,2.3,28.9,3778,75.2,14.0,10.4,0.4,5.3
6075031201,California,San Francisco,7110,3349,3761,11.5,15.7,6.6,0.5,61.4,0.0,5136,74010.0,9803.0,27588.0,2961.0,14.5,12.0,36.0,24.0,27.3,2.4,10.3,40.7,9.4,41.0,3.4,2.1,3.4,34.9,3703,74.4,15.0,10.6,0.0,14.9
6075031202,California,San Francisco,3213,1552,1661,13.3,11.8,17.8,0.7,49.5,2.6,2441,74576.0,12350.0,27736.0,3113.0,13.5,19.9,32.2,28.8,25.0,3.1,10.9,49.9,7.2,35.2,1.3,3.0,3.4,31.3,1751,80.5,15.2,4.3,0.0,10.3
6075031301,California,San Francisco,4594,2359,2235,9.3,16.3,21.7,1.4,45.5,0.0,3202,95449.0,9508.0,35567.0,5492.0,10.8,5.6,36.7,23.0,26.4,4.7,9.2,52.1,13.2,26.3,1.3,1.2,6.0,36.4,2214,77.3,17.5,5.2,0.0,9.7
6075031302,California,San Francisco,6376,3087,3289,18.0,12.8,11.9,0.0,50.3,0.0,4308,66658.0,10544.0,25733.0,3265.0,20.6,26.7,32.3,26.5,27.8,4.5,8.9,49.6,7.3,37.9,0.8,0.3,4.1,34.4,3197,79.2,14.9,5.9,0.0,10.2
6075031400,California,San Francisco,6968,3604,3364,24.8,9.6,13.8,0.0,49.7,0.0,4374,59816.0,6275.0,21283.0,2867.0,15.3,6.5,28.6,27.3,21.4,12.1,10.6,57.0,10.7,27.7,0.8,0.5,3.2,36.4,3260,79.3,14.2,6.3,0.2,10.6
6075032601,California,San Francisco,4638,2307,2331,3.9,36.5,0.6,0.0,51.3,0.0,3680,92846.0,7218.0,44400.0,4829.0,6.5,0.0,57.1,15.6,19.3,5.3,2.6,38.8,8.0,38.5,4.2,5.7,4.7,33.7,2771,75.4,16.1,8.2,0.4,5.1
6075032602,California,San Francisco,4523,2166,2357,5.8,33.7,0.5,0.1,54.1,0.0,3584,70560.0,11150.0,34375.0,3449.0,12.9,4.4,48.7,17.0,23.3,4.0,6.9,45.6,6.2,27.6,4.4,9.0,7.2,34.1,2383,80.5,12.3,7.2,0.0,7.5
6075032700,California,San Francisco,6950,3234,3716,6.6,32.3,0.0,0.0,57.6,0.0,5695,99712.0,16232.0,42350.0,4164.0,8.1,2.3,48.9,17.9,21.2,5.4,6.5,45.4,8.0,29.4,5.3,6.5,5.4,33.9,3984,73.4,15.2,11.3,0.0,3.3
6075032801,California,San Francisco,4171,1862,2309,6.6,26.8,0.8,0.1,64.0,0.0,2903,83669.0,14447.0,38589.0,4222.0,9.2,2.6,49.8,17.1,19.3,9.2,4.5,46.5,16.2,31.0,3.0,0.0,3.3,32.9,1974,71.0,18.6,9.2,1.2,4.5
6075032802,California,San Francisco,4060,1937,2123,3.4,19.4,0.0,0.2,73.5,0.2,3212,80610.0,6543.0,36699.0,4412.0,9.6,7.0,43.9,24.9,25.4,2.6,3.3,41.2,18.8,28.2,3.7,1.3,6.7,36.7,2343,77.1,16.9,6.0,0.0,6.1
6075032901,California,San Francisco,5608,2761,2847,6.8,25.7,0.9,0.0,59.6,0.3,4275,83309.0,12839.0,41007.0,5424.0,8.5,6.3,46.9,16.0,26.8,3.8,6.5,51.0,9.0,30.9,0.5,2.8,5.8,37.3,2745,73.6,19.1,7.2,0.2,7.0
6075032902,California,San Francisco,4264,2085,2179,2.9,22.0,0.9,0.0,69.7,0.0,3173,89568.0,13578.0,36717.0,5492.0,14.1,19.5,52.5,17.0,20.9,0.6,9.0,51.2,10.7,21.7,6.7,2.7,7.0,34.2,1871,78.8,13.1,6.8,1.3,10.6
6075033000,California,San Francisco,8227,3906,4321,7.0,35.1,0.7,0.4,55.1,0.0,5718,82527.0,13635.0,39732.0,6818.0,13.3,12.9,44.5,16.9,25.7,6.0,7.0,54.4,13.8,26.0,3.0,0.4,2.3,31.5,4228,75.0,13.7,10.5,0.8,4.2
6075033100,California,San Francisco,4630,2288,2342,4.2,30.2,0.4,0.0,64.3,0.0,3440,119861.0,18243.0,48314.0,5484.0,7.0,6.3,58.4,10.5,21.9,3.9,5.3,60.3,8.7,20.1,3.5,1.2,6.1,34.2,2152,73.2,19.6,7.2,0.0,9.2
6075033201,California,San Francisco,3967,1553,2414,23.3,43.2,7.1,0.0,18.3,0.6,3425,22250.0,5438.0,8265.0,1158.0,50.7,6.0,26.1,23.4,47.8,0.7,2.0,17.4,1.7,39.4,34.1,1.4,6.0,26.5,1340,72.3,25.7,1.9,0.0,24.5
6075033203,California,San Francisco,3935,2074,1861,9.9,46.8,5.7,0.0,32.5,0.0,2614,67713.0,11402.0,26857.0,3611.0,26.1,13.9,52.6,19.2,20.8,1.9,5.5,50.9,2.2,32.6,3.5,1.7,9.1,35.0,2030,77.0,16.7,6.2,0.0,7.7
6075033204,California,San Francisco,3933,1940,1993,15.8,32.6,8.3,0.9,34.3,0.0,2718,43412.0,11532.0,26048.0,4452.0,36.2,0.0,34.6,24.9,30.9,5.3,4.3,36.3,5.2,37.8,12.2,4.1,4.4,34.8,1708,76.9,11.4,11.1,0.6,16.8
6075035100,California,San Francisco,8691,4114,4577,8.0,31.3,1.2,0.2,56.2,0.0,6078,99226.0,16560.0,42562.0,5287.0,9.8,10.6,52.8,18.9,19.3,3.7,5.3,48.1,10.2,26.9,0.6,6.5,7.7,36.9,4492,68.8,19.6,10.7,0.8,5.6
6075035201,California,San Francisco,5775,2827,2948,5.6,35.7,0.0,0.0,54.9,0.0,4262,77850.0,7436.0,33804.0,4033.0,11.2,7.5,48.1,22.6,23.6,5.0,0.6,54.6,10.1,20.7,2.3,5.8,6.5,36.6,2951,66.7,18.5,13.4,1.5,6.7
6075035202,California,San Francisco,4571,2177,2394,10.1,41.3,0.6,0.0,41.8,0.9,3212,70058.0,11038.0,34270.0,3364.0,11.0,8.0,42.0,22.1,19.5,6.3,10.1,40.1,10.6,32.5,5.1,6.2,5.5,34.8,2700,76.2,13.0,10.6,0.2,3.2
6075035300,California,San Francisco,7395,3298,4097,7.0,23.4,1.0,0.2,65.0,0.2,5852,73669.0,9927.0,34885.0,4905.0,8.5,10.3,35.5,23.0,23.3,5.6,12.6,56.5,14.9,20.0,1.3,3.7,3.5,37.2,3685,73.7,19.9,6.5,0.0,8.7
6075035400,California,San Francisco,7022,3359,3663,7.7,33.6,2.7,0.0,53.5,0.0,5654,80260.0,17329.0,40838.0,5973.0,10.9,15.3,48.5,17.1,21.3,7.4,5.6,48.8,17.0,24.8,1.1,2.0,6.3,36.1,4015,70.4,17.3,12.3,0.0,9.8
6075040100,California,San Francisco,4491,2085,2406,3.7,58.2,1.1,0.0,33.5,0.3,3643,82656.0,24691.0,56845.0,8005.0,13.1,11.3,60.0,12.4,18.3,5.0,4.2,40.6,4.4,37.9,4.3,6.7,6.1,33.9,2676,82.0,10.7,7.3,0.0,5.1
6075040200,California,San Francisco,5711,2745,2966,7.6,48.6,2.5,0.0,36.4,0.0,4405,77500.0,19383.0,56314.0,9822.0,8.2,0.0,50.3,13.9,25.4,1.3,9.1,38.0,3.9,33.7,7.0,8.3,9.2,28.9,3270,78.8,9.9,11.2,0.0,8.5
6075042601,California,San Francisco,4027,1898,2129,13.4,43.9,3.0,0.0,38.0,0.0,2842,57472.0,10143.0,39866.0,6881.0,16.8,11.9,55.7,16.3,23.5,1.9,2.6,35.1,8.0,42.2,2.2,4.6,7.8,34.9,2380,72.4,13.2,13.9,0.6,2.8
6075042602,California,San Francisco,3375,1663,1712,8.5,48.1,0.9,0.8,29.6,7.5,2544,82013.0,12783.0,50694.0,7185.0,2.8,3.0,52.5,12.9,28.3,2.4,3.9,42.4,9.1,26.3,7.6,6.8,7.8,28.8,1990,75.0,16.3,8.7,0.0,3.8
6075042700,California,San Francisco,5049,2310,2739,7.4,43.0,2.8,0.0,41.8,0.5,3658,52102.0,10777.0,42750.0,5741.0,10.9,8.6,54.4,16.0,21.5,4.9,3.2,40.8,6.4,36.8,3.5,1.7,10.8,34.8,2871,73.1,15.0,11.8,0.0,3.7
6075042800,California,San Francisco,2491,1149,1342,6.6,64.7,0.0,0.0,23.3,0.0,1673,143864.0,15114.0,101681.0,14516.0,7.3,8.1,73.0,3.5,20.7,1.6,1.1,54.2,9.9,12.4,3.2,4.5,15.9,31.0,986,75.8,9.8,14.4,0.0,5.0
6075045100,California,San Francisco,4964,2187,2777,7.2,46.9,4.4,0.2,38.3,0.6,3907,82755.0,13076.0,48642.0,9492.0,18.1,17.8,64.0,11.0,19.2,2.4,3.3,28.5,4.1,51.6,6.5,4.8,4.5,32.4,2998,83.6,9.4,7.0,0.0,5.1
6075045200,California,San Francisco,7259,3700,3559,10.8,47.5,0.2,0.1,35.5,0.0,5508,72431.0,16345.0,45939.0,5930.0,16.4,16.1,57.9,19.3,19.1,1.8,1.9,36.0,4.4,36.4,4.3,5.0,13.9,32.4,4006,79.2,10.2,10.7,0.0,5.9
6075047600,California,San Francisco,5451,2744,2707,3.6,41.9,0.7,0.0,47.9,0.7,4771,74392.0,9519.0,42417.0,3977.0,6.9,5.8,59.4,20.2,18.6,0.3,1.4,41.9,11.0,25.4,6.3,10.4,5.1,32.6,3555,81.2,10.5,8.4,0.0,0.9
6075047701,California,San Francisco,4259,2103,2156,3.6,36.8,0.7,0.0,52.6,1.3,3520,74412.0,11195.0,40705.0,4380.0,8.3,4.0,45.0,20.2,21.5,5.4,8.0,42.0,9.9,37.0,3.3,3.0,4.8,31.8,2654,75.4,15.0,9.6,0.0,5.7
6075047702,California,San Francisco,4121,1945,2176,4.3,37.8,1.7,0.0,53.2,0.0,3173,72930.0,13692.0,40319.0,4742.0,9.6,0.0,47.8,17.9,20.8,3.8,9.7,43.4,10.4,27.5,6.2,4.8,7.7,38.2,2360,75.2,14.3,10.5,0.0,5.3
6075047801,California,San Francisco,4186,1857,2329,7.9,37.7,1.7,0.2,46.4,0.0,3297,79130.0,12964.0,39858.0,5422.0,13.3,11.3,46.3,19.6,25.9,5.2,3.0,50.2,12.9,27.2,0.0,2.1,7.7,34.3,2212,71.4,18.5,10.1,0.0,7.6
6075047802,California,San Francisco,4065,1957,2108,9.0,29.3,0.0,0.0,56.9,0.0,2900,68333.0,12059.0,35307.0,3626.0,12.2,8.2,44.4,18.6,26.7,4.6,5.7,32.4,10.3,44.4,2.7,1.0,9.1,34.9,2201,77.7,13.0,9.2,0.0,5.3
6075047901,California,San Francisco,6865,3373,3492,10.3,40.9,2.8,0.0,40.9,0.0,5284,66437.0,10209.0,44486.0,8190.0,8.6,1.7,52.8,15.0,21.4,4.1,6.8,40.5,14.4,24.1,5.3,5.1,10.6,33.6,3688,69.4,15.4,15.2,0.0,4.5
6075047902,California,San Francisco,3722,1869,1853,5.7,44.8,1.2,0.0,40.0,0.0,2955,73625.0,10055.0,45535.0,7358.0,13.5,7.7,51.2,18.7,18.3,3.6,8.2,52.6,4.2,24.5,6.3,5.6,6.9,33.7,1915,72.5,18.9,8.6,0.0,8.2
6075060100,California,San Francisco,3681,1886,1795,5.8,82.1,0.0,0.0,8.4,0.0,2592,164179.0,25035.0,71978.0,11634.0,4.1,5.8,60.2,11.2,23.0,0.8,4.8,36.5,5.0,29.1,4.0,10.1,15.3,28.1,2338,82.2,9.5,7.8,0.4,1.3
6075060400,California,San Francisco,1634,789,845,10.8,55.6,4.0,0.0,21.4,0.0,1230,52833.0,20310.0,40984.0,5964.0,21.2,7.9,50.4,19.5,15.0,5.4,9.7,62.8,8.2,23.8,0.3,4.2,0.8,35.1,814,66.5,31.6,2.0,0.0,8.2
6075060502,California,San Francisco,3417,1478,1939,31.8,3.4,18.2,0.0,29.6,13.5,1884,23072.0,3177.0,11884.0,2150.0,41.8,62.0,14.5,42.8,25.8,5.5,11.4,39.4,11.9,46.1,0.5,0.6,1.5,35.3,1077,87.3,9.9,2.8,0.0,22.2
6075060700,California,San Francisco,9979,5370,4609,10.9,39.1,5.1,0.0,42.8,0.0,6184,107798.0,29801.0,64959.0,6700.0,13.5,7.9,75.0,5.6,13.5,2.4,3.4,21.3,7.8,43.4,16.0,8.4,3.1,32.8,6509,91.2,6.2,2.7,0.0,5.0
6075061000,California,San Francisco,4587,2257,2330,21.4,12.6,8.5,0.4,47.8,0.7,2914,108977.0,16047.0,41409.0,3964.0,3.9,2.1,43.8,15.2,24.6,6.4,10.0,59.0,16.7,20.7,0.0,1.1,2.5,30.4,2566,81.4,10.2,8.1,0.3,4.6
6075061100,California,San Francisco,4527,2069,2458,3.8,3.4,0.6,0.3,91.3,0.0,2515,16545.0,1945.0,14235.0,2516.0,36.3,34.1,15.1,49.9,20.6,3.0,11.3,9.6,5.8,30.8,47.1,1.1,5.5,25.7,1816,79.5,10.6,9.9,0.0,12.6
6075061200,California,San Francisco,4296,2451,1845,40.6,10.0,20.5,0.0,25.6,0.2,2264,51649.0,7166.0,18230.0,2044.0,16.1,18.7,19.8,33.8,16.3,9.3,20.8,51.9,8.5,22.7,4.9,9.3,2.8,29.1,1986,77.3,10.6,12.1,0.0,15.3
6075061400,California,San Francisco,6140,3096,3044,23.4,47.7,7.6,0.2,15.2,1.1,3941,138897.0,17023.0,63198.0,9290.0,16.2,31.4,78.9,7.8,9.4,0.0,3.9,40.0,7.2,23.7,8.9,13.1,6.9,32.1,3553,71.1,18.7,10.2,0.0,8.3
6075061500,California,San Francisco,12511,6592,5919,13.6,49.5,1.2,0.2,33.4,0.0,8820,127080.0,18298.0,114166.0,23906.0,10.8,7.4,74.2,7.6,13.8,1.2,3.2,28.5,2.6,21.5,39.7,3.4,4.2,29.4,8033,90.9,6.9,1.7,0.5,5.0
6075980200,California,San Francisco,330,245,85,3.0,62.7,10.3,0.0,22.1,0.0,307,145000.0,106579.0,41797.0,14057.0,10.3,0.0,86.7,0.0,4.8,8.4,0.0,63.9,0.0,26.5,0.0,0.0,9.6,28.5,83,62.7,18.1,19.3,0.0,9.8
6075980300,California,San Francisco,78,45,33,0.0,93.6,0.0,0.0,0.0,0.0,73,125750.0,28516.0,112779.0,22090.0,0.0,,81.1,6.8,6.8,5.4,0.0,25.7,0.0,54.1,20.3,0.0,0.0,41.8,74,74.3,25.7,0.0,0.0,0.0
6075980401,California,San Francisco,0,0,0,,,,,,,0,,,,,,,,,,,,,,,,,,,0,,,,,
6075980501,California,San Francisco,880,368,512,9.9,7.0,21.1,0.0,44.4,13.8,649,16638.0,4351.0,16073.0,3780.0,37.3,41.3,29.1,31.3,30.6,1.8,7.2,55.7,7.2,26.9,1.5,1.5,7.2,33.8,278,79.9,15.5,4.7,0.0,23.6
6075980600,California,San Francisco,487,265,222,26.7,11.1,46.4,0.0,15.0,0.0,353,,,24378.0,7474.0,37.4,86.7,30.8,25.8,18.3,12.9,12.1,41.7,12.6,41.7,0.0,1.7,2.2,40.1,240,91.3,6.7,2.1,0.0,20.5
6075980900,California,San Francisco,271,165,106,20.3,43.2,10.7,0.0,18.5,3.0,191,94000.0,73830.0,55944.0,17646.0,18.5,0.0,72.7,6.8,9.1,4.0,7.4,31.3,11.4,14.2,6.3,26.1,10.8,29.7,176,83.5,6.8,9.7,0.0,15.8
6075990100,California,San Francisco,0,0,0,,,,,,,0,,,,,,,,,,,,,,,,,,,0,,,,,
